{
  "name": "Razer Abyssus Elite DVA Edition",
  "productId": "0x006A",
  "mainType": "mouse",
  "image": "https://assets.razerzone.com/eeimages/support/products/1288/d.va_abyssus_elite.png",
  "features": null,
  "featuresMissing": ["waveSimple"],
  "featuresConfig": [
    {
      "mouseBrightness": {
        "enabledMatrix": false,
        "enabledScroll": false,
        "enabledLeft": false,
        "enabledRight": false
      }
    },
    {
      "dpi": {
        "max": 7200
      }
    }
  ]
}
