{
  "name": "Razer Basilisk Essential",
  "productId": "0x0065",
  "mainType": "mouse",
  "image": "https://hybrismediaprod.blob.core.windows.net/sys-master-phoenix-images-container/h19/h61/9080617500702/Basilisk-Essential-500x500.png",
  "features": null,
  "featuresMissing": ["waveSimple", "oldMouseEffects"],
  "featuresConfig": [
    {
      "dpi": {
        "max": 6400
      }
    },
    {
      "mouseBrightness": {
        "enabledMatrix": false,
        "enabledScroll": false,
        "enabledLeft": false,
        "enabledRight": false
      }
    }
  ]
}
