{
  "name": "Razer DeathAdder Chroma",
  "productId": "0x0043",
  "mainType": "mouse",
  "image": "https://assets.razerzone.com/eeimages/support/products/278/278_deathadder_chroma.png",
  "features": null,
  "featuresMissing": ["none","waveSimple", "spectrum", "reactive", "breathe"],
  "featuresConfig": [
    {
      "mouseBrightness": {
        "enabledMatrix": false,
        "enabledLeft": false,
        "enabledRight": false
      }
    },
    {
      "dpi": {
        "max": 10000
      }
    }
  ]
}
